rn,attester,total_attestations,most_frequently_used_schema,all_blockchains,sample_attestation_uid
1,<a href='https://etherscan.io/address/0x357458739f90461b99789350868cd7cf330dd7ee' target='_blank'>0x35745...dd7ee</a>,501090,"<a href=""https://base.easscan.org/schema/view/0xf8b05c79f090979bf4a80270aba232dff11a10d9ca55c4f88de95317970f0de9"" target=""_blank"">ğŸ‘‰ 0xf8b05c79...17970f0de9 ğŸ”—</a>",[base],"<a href=""https://base.easscan.org/attestation/view/0x685c9f90283f861f2a40a4f54baab021da8d28de4270bc7508fe704f08044e9c"" target=""_blank"">ğŸ‘‰ 0x685c9f90...4f08044e9c ğŸ”—</a>"
2,<a href='https://etherscan.io/address/0x39fb5e85c7713657c2d9e869e974ff1e0b06f20c' target='_blank'>0x39fb5...6f20c</a>,382941,"<a href=""https://scroll.easscan.org/schema/view/0xd57de4f41c3d3cc855eadef68f98c0d4edd22d57161d96b7c06d2f4336cc3b49"" target=""_blank"">ğŸ‘‰ 0xd57de4f4...4336cc3b49 ğŸ”—</a>",[scroll],"<a href=""https://scroll.easscan.org/attestation/view/0x6047198a1dc07f3637b693cab71ef7419bc41fda0e7345ed97f095fc89ae7dd8"" target=""_blank"">ğŸ‘‰ 0x6047198a...fc89ae7dd8 ğŸ”—</a>"
3,<a href='https://etherscan.io/address/0x38e9ef91f1a96aca71e2c5f7abfea45536b995a2' target='_blank'>0x38e9e...995a2</a>,97367,"<a href=""https://optimism.easscan.org/schema/view/0x94cb5f1d1fae19f01f86fecf432aff882f588c0671186e3f90feeea4fa999d38"" target=""_blank"">ğŸ‘‰ 0x94cb5f1d...a4fa999d38 ğŸ”—</a>",[optimism],"<a href=""https://optimism.easscan.org/attestation/view/0xd0e6c82254f61bf82cd085bc2071b7606659fc5fa995a52718564a1969c9eaca"" target=""_blank"">ğŸ‘‰ 0xd0e6c822...1969c9eaca ğŸ”—</a>"
4,<a href='https://etherscan.io/address/0xf61b5dae16948f0f1ed9141634e4647bbaaa4a81' target='_blank'>0xf61b5...a4a81</a>,90079,"<a href=""https://scroll.easscan.org/schema/view/0xd57de4f41c3d3cc855eadef68f98c0d4edd22d57161d96b7c06d2f4336cc3b49"" target=""_blank"">ğŸ‘‰ 0xd57de4f4...4336cc3b49 ğŸ”—</a>",[scroll],"<a href=""https://scroll.easscan.org/attestation/view/0x996b59bc633fd014a729ef1f2374b0d74a0224622113ba0f42294e0521166863"" target=""_blank"">ğŸ‘‰ 0x996b59bc...0521166863 ğŸ”—</a>"
5,<a href='https://etherscan.io/address/0x7e823ae179592525301ceb33b3ec479f8c66ecb9' target='_blank'>onchain.coordinape.eth</a>,45638,"<a href=""https://base.easscan.org/schema/view/0x82c2ec8ec89cf1d13022ff0867744f1cecf932faa4fe334aa1bb443edbfee3fa"" target=""_blank"">ğŸ‘‰ 0x82c2ec8e...3edbfee3fa ğŸ”—</a>",[base],"<a href=""https://base.easscan.org/attestation/view/0x4bcd8ee7dc1a5f9acc79048717a2ff0e5df21874322d20bb9b567b719ae33d85"" target=""_blank"">ğŸ‘‰ 0x4bcd8ee7...719ae33d85 ğŸ”—</a>"
6,<a href='https://etherscan.io/address/0x47a49ccfa1924d5b59cb400708199b6ae8543d31' target='_blank'>0x47a49...43d31</a>,40647,"<a href=""https://scroll.easscan.org/schema/view/0xd57de4f41c3d3cc855eadef68f98c0d4edd22d57161d96b7c06d2f4336cc3b49"" target=""_blank"">ğŸ‘‰ 0xd57de4f4...4336cc3b49 ğŸ”—</a>",[scroll],"<a href=""https://scroll.easscan.org/attestation/view/0x96abef31711fc392d77e83b5e4ff16f659bbcb18a3d9cdecddba35d267b7e44b"" target=""_blank"">ğŸ‘‰ 0x96abef31...d267b7e44b ğŸ”—</a>"
7,<a href='https://etherscan.io/address/0x39571bbd5a4c5d1a5184004c63f45fe426db85ea' target='_blank'>0x39571...b85ea</a>,32511,"<a href=""https://scroll.easscan.org/schema/view/0xd57de4f41c3d3cc855eadef68f98c0d4edd22d57161d96b7c06d2f4336cc3b49"" target=""_blank"">ğŸ‘‰ 0xd57de4f4...4336cc3b49 ğŸ”—</a>",[scroll],"<a href=""https://scroll.easscan.org/attestation/view/0x0801e591bd41ab251222f42c103ae94bd4c1cffcae851793dd20e09d94cffdab"" target=""_blank"">ğŸ‘‰ 0x0801e591...9d94cffdab ğŸ”—</a>"
8,<a href='https://etherscan.io/address/0x8888119526f2aae3525a3820f8893424e74e7af2' target='_blank'>0x88881...e7af2</a>,16306,"<a href=""https://optimism.easscan.org/schema/view/0xf5a986ee06d4fbace843ad0a2c02c7fd87153db91e5a8e8d6ec413480121e6da"" target=""_blank"">ğŸ‘‰ 0xf5a986ee...480121e6da ğŸ”—</a>",[optimism base],"<a href=""https://optimism.easscan.org/attestation/view/0x42b676f022324dd573e629e0d6e1e8634b799ca018738e2ba0ddac239e48d7c2"" target=""_blank"">ğŸ‘‰ 0x42b676f0...239e48d7c2 ğŸ”—</a>"
9,<a href='https://etherscan.io/address/0x7673f45e6e95373ba22651a4f5f594edec3006bc' target='_blank'>0x7673f...006bc</a>,14163,"<a href=""https://scroll.easscan.org/schema/view/0xd57de4f41c3d3cc855eadef68f98c0d4edd22d57161d96b7c06d2f4336cc3b49"" target=""_blank"">ğŸ‘‰ 0xd57de4f4...4336cc3b49 ğŸ”—</a>",[scroll],"<a href=""https://scroll.easscan.org/attestation/view/0x5a456ed3bff9a23a94ae6ae61624fb9238247d52059627bc751bf99703e766f7"" target=""_blank"">ğŸ‘‰ 0x5a456ed3...9703e766f7 ğŸ”—</a>"
10,<a href='https://etherscan.io/address/0x35bcdcd5813a08f890163c166826856b47e7977f' target='_blank'>0x35bcd...7977f</a>,11817,"<a href=""https://scroll.easscan.org/schema/view/0xd57de4f41c3d3cc855eadef68f98c0d4edd22d57161d96b7c06d2f4336cc3b49"" target=""_blank"">ğŸ‘‰ 0xd57de4f4...4336cc3b49 ğŸ”—</a>",[scroll],"<a href=""https://scroll.easscan.org/attestation/view/0xc8246096f43a57df8e042ef0c8cbf08a90ab13b3e5ba2331ccf6ada38ecf2912"" target=""_blank"">ğŸ‘‰ 0xc8246096...a38ecf2912 ğŸ”—</a>"
11,<a href='https://etherscan.io/address/0x2d93c2f74b2c4697f9ea85d0450148aa45d4d5a2' target='_blank'>0x2d93c...4d5a2</a>,11288,"<a href=""https://optimism.easscan.org/schema/view/0x3eed14a2055f68d13ad270640208640413b951e12b382b253a08518dedc5172a"" target=""_blank"">ğŸ‘‰ 0x3eed14a2...8dedc5172a ğŸ”—</a>",[optimism],"<a href=""https://optimism.easscan.org/attestation/view/0xbd7bf9f63114cf214b3b4bf6d8276d3dda4c86ea342809e646161ad7287d7f61"" target=""_blank"">ğŸ‘‰ 0xbd7bf9f6...d7287d7f61 ğŸ”—</a>"
12,<a href='https://etherscan.io/address/0x3a4afca659f54922a0d7a7b0bebabf641dec66bb' target='_blank'>0x3a4af...c66bb</a>,8111,"<a href=""https://optimism.easscan.org/schema/view/0x3eed14a2055f68d13ad270640208640413b951e12b382b253a08518dedc5172a"" target=""_blank"">ğŸ‘‰ 0x3eed14a2...8dedc5172a ğŸ”—</a>",[optimism],"<a href=""https://optimism.easscan.org/attestation/view/0x97226a034c6997c942e7804cbd87a1436127610b89fd3b6cbc3ffcf11f2e9962"" target=""_blank"">ğŸ‘‰ 0x97226a03...f11f2e9962 ğŸ”—</a>"
13,<a href='https://etherscan.io/address/0x855a4621d491ff98bc3d02eadbc108403887561c' target='_blank'>0x855a4...7561c</a>,8083,"<a href=""https://optimism.easscan.org/schema/view/0x3eed14a2055f68d13ad270640208640413b951e12b382b253a08518dedc5172a"" target=""_blank"">ğŸ‘‰ 0x3eed14a2...8dedc5172a ğŸ”—</a>",[optimism],"<a href=""https://optimism.easscan.org/attestation/view/0xe192f00c5305d56f71300d7ac5764aee25d36d0671c03887a4654f542beea958"" target=""_blank"">ğŸ‘‰ 0xe192f00c...542beea958 ğŸ”—</a>"
14,<a href='https://etherscan.io/address/0xbe0c12b56aa9b4f5dde36c733b3a2997ed775a4f' target='_blank'>0xbe0c1...75a4f</a>,8047,"<a href=""https://optimism.easscan.org/schema/view/0x3eed14a2055f68d13ad270640208640413b951e12b382b253a08518dedc5172a"" target=""_blank"">ğŸ‘‰ 0x3eed14a2...8dedc5172a ğŸ”—</a>",[optimism],"<a href=""https://optimism.easscan.org/attestation/view/0x5f7a97ec83c65e495eb5acb6977a469cb0e4b85c3121b491f98e72c0b6a600e2"" target=""_blank"">ğŸ‘‰ 0x5f7a97ec...c0b6a600e2 ğŸ”—</a>"
15,<a href='https://etherscan.io/address/0x56ad2cd6ad6f52c72181b93ac66d5dc887c3d0bd' target='_blank'>0x56ad2...3d0bd</a>,8044,"<a href=""https://optimism.easscan.org/schema/view/0x3eed14a2055f68d13ad270640208640413b951e12b382b253a08518dedc5172a"" target=""_blank"">ğŸ‘‰ 0x3eed14a2...8dedc5172a ğŸ”—</a>",[optimism],"<a href=""https://optimism.easscan.org/attestation/view/0xa2b3eec468d819f94f110a16688ffbd4562bd844db8990dc2db07a2f02643420"" target=""_blank"">ğŸ‘‰ 0xa2b3eec4...2f02643420 ğŸ”—</a>"
16,<a href='https://etherscan.io/address/0xe657243df50dbc60383f9504be22f7288174095c' target='_blank'>0xe6572...4095c</a>,7785,"<a href=""https://scroll.easscan.org/schema/view/0xd57de4f41c3d3cc855eadef68f98c0d4edd22d57161d96b7c06d2f4336cc3b49"" target=""_blank"">ğŸ‘‰ 0xd57de4f4...4336cc3b49 ğŸ”—</a>",[scroll],"<a href=""https://scroll.easscan.org/attestation/view/0xec482bf7f1b1c0511178108477a6ca2964e4efe483a60451f5100190ecae8818"" target=""_blank"">ğŸ‘‰ 0xec482bf7...90ecae8818 ğŸ”—</a>"
17,<a href='https://etherscan.io/address/0x65ab4b5f30aef8b29858ea2cbd6b0d0e68010206' target='_blank'>0x65ab4...10206</a>,7399,"<a href=""https://scroll.easscan.org/schema/view/0xd57de4f41c3d3cc855eadef68f98c0d4edd22d57161d96b7c06d2f4336cc3b49"" target=""_blank"">ğŸ‘‰ 0xd57de4f4...4336cc3b49 ğŸ”—</a>",[scroll],"<a href=""https://scroll.easscan.org/attestation/view/0x493a1064e5086745f8ba89a3a663f2f944d8d86174b66e67b0afb56bc25bef03"" target=""_blank"">ğŸ‘‰ 0x493a1064...6bc25bef03 ğŸ”—</a>"
18,<a href='https://etherscan.io/address/0x6cee7eed33dee0d8c65f2522eec759b13c914b8d' target='_blank'>0x6cee7...14b8d</a>,7320,"<a href=""https://scroll.easscan.org/schema/view/0xd57de4f41c3d3cc855eadef68f98c0d4edd22d57161d96b7c06d2f4336cc3b49"" target=""_blank"">ğŸ‘‰ 0xd57de4f4...4336cc3b49 ğŸ”—</a>",[scroll],"<a href=""https://scroll.easscan.org/attestation/view/0x9010ec164a3af15937a84f339e080f2360a2b9b203d6a676bc2238b2d0d8cf72"" target=""_blank"">ğŸ‘‰ 0x9010ec16...b2d0d8cf72 ğŸ”—</a>"
19,<a href='https://etherscan.io/address/0xd350f597cef325eccbbe2f26b9cbf16d50c220bd' target='_blank'>0xproofof.eth</a>,5759,"<a href=""https://base.easscan.org/schema/view/0x326d3cdd4aa05f0c47d6e33059435a50e735c88f2485cca6d0ebcb001e636a92"" target=""_blank"">ğŸ‘‰ 0x326d3cdd...001e636a92 ğŸ”—</a>",[base],"<a href=""https://base.easscan.org/attestation/view/0x8fef72d4d6afb797594cfdac3680ad4b31c0df68c969241aab4a315bbade76af"" target=""_blank"">ğŸ‘‰ 0x8fef72d4...5bbade76af ğŸ”—</a>"
20,<a href='https://etherscan.io/address/0x8b9554bd8e9e94967bceb560deced62351cfc071' target='_blank'>0x8b955...fc071</a>,4130,"<a href=""https://optimism.easscan.org/schema/view/0x98ef220cd2f94de79fbc343ef982bfa8f5b315dec6a08f413680ecb7085624d7"" target=""_blank"">ğŸ‘‰ 0x98ef220c...b7085624d7 ğŸ”—</a>",[optimism],"<a href=""https://optimism.easscan.org/attestation/view/0x509c850408f053d1b4ea31fe1c24f8bcfdbf9b72d813b886178b6c459e915b0d"" target=""_blank"">ğŸ‘‰ 0x509c8504...459e915b0d ğŸ”—</a>"
21,<a href='https://etherscan.io/address/0xf6872d315cc2e1aff6abae5dd814fd54755fe97c' target='_blank'>0xf6872...fe97c</a>,2650,"<a href=""https://optimism.easscan.org/schema/view/0x7ae9f4adabd9214049df72f58eceffc48c4a69e920882f5b06a6c69a3157e5bd"" target=""_blank"">ğŸ‘‰ 0x7ae9f4ad...9a3157e5bd ğŸ”—</a>",[optimism],"<a href=""https://optimism.easscan.org/attestation/view/0x243b5228be95d796c94acfaa33fd7c3efe020301dd417485ea20db7e8d007cb9"" target=""_blank"">ğŸ‘‰ 0x243b5228...7e8d007cb9 ğŸ”—</a>"
22,<a href='https://etherscan.io/address/0x8adcfb84d861f510ad01c24cf459abe1515bb9e8' target='_blank'>backend.devfolio.eth</a>,2564,"<a href=""https://arbitrum.easscan.org/schema/view/0x951fa7e07d6e852eb4535331db373786f5ab7249bb31d94cc4bd05250ebb6500"" target=""_blank"">ğŸ‘‰ 0x951fa7e0...250ebb6500 ğŸ”—</a>",[arbitrum base optimism],"<a href=""https://arbitrum.easscan.org/attestation/view/0x73e9c0273c111eb5ae3144f22386888710ed7d607dc81a01ef6cf8bd9920203d"" target=""_blank"">ğŸ‘‰ 0x73e9c027...bd9920203d ğŸ”—</a>"
23,<a href='https://etherscan.io/address/0x43b643299110f99536abe0aca64c98bed7360286' target='_blank'>0x43b64...60286</a>,2131,"<a href=""https://scroll.easscan.org/schema/view/0xd57de4f41c3d3cc855eadef68f98c0d4edd22d57161d96b7c06d2f4336cc3b49"" target=""_blank"">ğŸ‘‰ 0xd57de4f4...4336cc3b49 ğŸ”—</a>",[scroll],"<a href=""https://scroll.easscan.org/attestation/view/0x7ac66455aef3b746476700464120b032a5d9b36f34e1c6486565013f0a64e2a8"" target=""_blank"">ğŸ‘‰ 0x7ac66455...3f0a64e2a8 ğŸ”—</a>"
24,<a href='https://etherscan.io/address/0xf6ea479f30a71cc8cb28dc28f9a94246e1edc492' target='_blank'>0xf6ea4...dc492</a>,1928,"<a href=""https://optimism.easscan.org/schema/view/0x3eed14a2055f68d13ad270640208640413b951e12b382b253a08518dedc5172a"" target=""_blank"">ğŸ‘‰ 0x3eed14a2...8dedc5172a ğŸ”—</a>",[optimism],"<a href=""https://optimism.easscan.org/attestation/view/0xa3450d8884f55281797af7e6c0220d5d75e19ecded414f3574d2f02f15f376e4"" target=""_blank"">ğŸ‘‰ 0xa3450d88...2f15f376e4 ğŸ”—</a>"
25,<a href='https://etherscan.io/address/0x3f6b7c4870de594418d7c52f32de501edec75673' target='_blank'>0x3f6b7...75673</a>,1849,"<a href=""https://optimism.easscan.org/schema/view/0x3eed14a2055f68d13ad270640208640413b951e12b382b253a08518dedc5172a"" target=""_blank"">ğŸ‘‰ 0x3eed14a2...8dedc5172a ğŸ”—</a>",[optimism],"<a href=""https://optimism.easscan.org/attestation/view/0x37f6d3fdb298f7da4f4655a2468b792a79ca189bdf730a7224e3d688cd4d8d13"" target=""_blank"">ğŸ‘‰ 0x37f6d3fd...88cd4d8d13 ğŸ”—</a>"
26,<a href='https://etherscan.io/address/0xb6bc506d4c191d61df37bb058ed061337a848dd9' target='_blank'>0xb6bc5...48dd9</a>,1845,"<a href=""https://optimism.easscan.org/schema/view/0x3eed14a2055f68d13ad270640208640413b951e12b382b253a08518dedc5172a"" target=""_blank"">ğŸ‘‰ 0x3eed14a2...8dedc5172a ğŸ”—</a>",[optimism],"<a href=""https://optimism.easscan.org/attestation/view/0x2e72d8b2302985d5315687b2ecfe2503f760beecfcfd54b2e6640f1800c5f2d1"" target=""_blank"">ğŸ‘‰ 0x2e72d8b2...1800c5f2d1 ğŸ”—</a>"
27,<a href='https://etherscan.io/address/0xb02ed9555c223cf96eed401744abc21876e243c6' target='_blank'>0xb02ed...243c6</a>,1833,"<a href=""https://optimism.easscan.org/schema/view/0x6b3559cef2c1eee3d94567bb206f3e73fc1d73fb7e4a2af5c80963f536003f98"" target=""_blank"">ğŸ‘‰ 0x6b3559ce...f536003f98 ğŸ”—</a>",[optimism],"<a href=""https://optimism.easscan.org/attestation/view/0x5f500b9b91ba2b158c5ac8a8b29958694b8ce8bcc53bce391248b8c468aba307"" target=""_blank"">ğŸ‘‰ 0x5f500b9b...c468aba307 ğŸ”—</a>"
28,<a href='https://etherscan.io/address/0x3d5750d305f8d9c133faceaa92a2e46558130371' target='_blank'>0x3d575...30371</a>,1815,"<a href=""https://optimism.easscan.org/schema/view/0x3eed14a2055f68d13ad270640208640413b951e12b382b253a08518dedc5172a"" target=""_blank"">ğŸ‘‰ 0x3eed14a2...8dedc5172a ğŸ”—</a>",[optimism],"<a href=""https://optimism.easscan.org/attestation/view/0xafe84c826001fda34bcdf571236573d32ff11bf0bd074aef0d1a62b0a6f59baf"" target=""_blank"">ğŸ‘‰ 0xafe84c82...b0a6f59baf ğŸ”—</a>"
29,<a href='https://etherscan.io/address/0x2956be76d7164486ad89aa748db054ff91ffbfcd' target='_blank'>0x2956b...fbfcd</a>,1799,"<a href=""https://optimism.easscan.org/schema/view/0x3eed14a2055f68d13ad270640208640413b951e12b382b253a08518dedc5172a"" target=""_blank"">ğŸ‘‰ 0x3eed14a2...8dedc5172a ğŸ”—</a>",[optimism],"<a href=""https://optimism.easscan.org/attestation/view/0x877ab8c53621f1accf14583310a7a6d1192bca8f76a648e4132d72b83f551dfe"" target=""_blank"">ğŸ‘‰ 0x877ab8c5...b83f551dfe ğŸ”—</a>"
30,<a href='https://etherscan.io/address/0xd5064bd244138fa4ff1b9048d165491889af5c15' target='_blank'>bountybot.eth</a>,1689,"<a href=""https://base.easscan.org/schema/view/0x080a79410f9c625106db1bd1bd2b83cf2b04b42598d3ec338635c4827692f72f"" target=""_blank"">ğŸ‘‰ 0x080a7941...827692f72f ğŸ”—</a>",[base],"<a href=""https://base.easscan.org/attestation/view/0x02ea38577d7b14e4c1380b82f2cc1dee4657b3f4dd7437b35c1439675e4a812c"" target=""_blank"">ğŸ‘‰ 0x02ea3857...675e4a812c ğŸ”—</a>"
31,<a href='https://etherscan.io/address/0xedf374f1c420cd6f8f4528cf198c7b107aea2ee3' target='_blank'>0xedf37...a2ee3</a>,1538,"<a href=""https://optimism.easscan.org/schema/view/0x98ef220cd2f94de79fbc343ef982bfa8f5b315dec6a08f413680ecb7085624d7"" target=""_blank"">ğŸ‘‰ 0x98ef220c...b7085624d7 ğŸ”—</a>",[optimism],"<a href=""https://optimism.easscan.org/attestation/view/0x95636ce2bfe0da5bcd897130e989cfe174341dec12ee80da442d720f8244626f"" target=""_blank"">ğŸ‘‰ 0x95636ce2...0f8244626f ğŸ”—</a>"
32,<a href='https://etherscan.io/address/0x372082138ea420ebe56078d73f0359d686a7e981' target='_blank'>0x37208...7e981</a>,1386,"<a href=""https://arbitrum.easscan.org/schema/view/0xca168d038c5d527bb9724b3201f026520b498d334a2f3f446181d6420d7fb515"" target=""_blank"">ğŸ‘‰ 0xca168d03...420d7fb515 ğŸ”—</a>",[arbitrum],"<a href=""https://arbitrum.easscan.org/attestation/view/0xf100e78ac1830ea85cdbb5a9bc024e615932ade5a95fb3fefca331b0cf622993"" target=""_blank"">ğŸ‘‰ 0xf100e78a...b0cf622993 ğŸ”—</a>"
33,<a href='https://etherscan.io/address/0x2a2ea826102c067ece82bc6e2b7cf38d7ebb1b82' target='_blank'>0x2a2ea...b1b82</a>,1357,"<a href=""https://optimism.easscan.org/schema/view/0x996e5eeb9f56acbddb2f36208d1f71f59d9dd3e55a7deea5b2e213ea5439d1b8"" target=""_blank"">ğŸ‘‰ 0x996e5eeb...ea5439d1b8 ğŸ”—</a>",[optimism base],"<a href=""https://optimism.easscan.org/attestation/view/0x9061f4bf5cea75eb062a543f0c6d5684a10561c0286e73ba4fec4af50cb6326d"" target=""_blank"">ğŸ‘‰ 0x9061f4bf...f50cb6326d ğŸ”—</a>"
34,<a href='https://etherscan.io/address/0x3ce7b2b2a9f3c27afa6ec511679f606412fb497b' target='_blank'>0x3ce7b...b497b</a>,1132,"<a href=""https://arbitrum.easscan.org/schema/view/0x364a59df1d48d4b6c0f8f0c1176504b252bce5ce57e0d1ca75b1bf70c2f0ec14"" target=""_blank"">ğŸ‘‰ 0x364a59df...70c2f0ec14 ğŸ”—</a>",[arbitrum],"<a href=""https://arbitrum.easscan.org/attestation/view/0x63373182e7c9f6b97d50a158e9e26c0b22628010caa434f2dbdc5f44f57a6b59"" target=""_blank"">ğŸ‘‰ 0x63373182...44f57a6b59 ğŸ”—</a>"
35,<a href='https://etherscan.io/address/0x98407cb54d8dc219d8bf04c9018b512ddbb96cab' target='_blank'>0x98407...96cab</a>,1047,"<a href=""https://base.easscan.org/schema/view/0xbf041d4625c5c945ebd820e9da9a66228d0e808e8a272e489e59e64974f810a8"" target=""_blank"">ğŸ‘‰ 0xbf041d46...4974f810a8 ğŸ”—</a>",[base],"<a href=""https://base.easscan.org/attestation/view/0xbe5edb3a9e7f4756d7fd3a075e232028fa7e4f14915ef1409617b49d4038f707"" target=""_blank"">ğŸ‘‰ 0xbe5edb3a...9d4038f707 ğŸ”—</a>"
36,<a href='https://etherscan.io/address/0xe0fd3db98d494597b7577377d5b08ab8e0875c2b' target='_blank'>farpoll.eth</a>,700,"<a href=""https://base.easscan.org/schema/view/0x9008c7f681e3035347c65d01a7bb3383a85e9d121f5a797e59077cfea964b87c"" target=""_blank"">ğŸ‘‰ 0x9008c7f6...fea964b87c ğŸ”—</a>",[base],"<a href=""https://base.easscan.org/attestation/view/0x3f1a8a3cedae240022f84259610fa5873a49b8b0d5f73e34ede0591057134678"" target=""_blank"">ğŸ‘‰ 0x3f1a8a3c...1057134678 ğŸ”—</a>"
37,<a href='https://etherscan.io/address/0x336506a4cec5c550703c8f6b493f6b12b02c3354' target='_blank'>0x33650...c3354</a>,645,"<a href=""https://optimism.easscan.org/schema/view/0x5f2b0ffc7e874c2624e38aea44a5e68bebe69dbd7e181cdbb8ab657d05b74301"" target=""_blank"">ğŸ‘‰ 0x5f2b0ffc...7d05b74301 ğŸ”—</a>",[optimism],"<a href=""https://optimism.easscan.org/attestation/view/0x500d8eca485931f5a04072e26750007e48270ae8cf265532ea33eeaa23999974"" target=""_blank"">ğŸ‘‰ 0x500d8eca...aa23999974 ğŸ”—</a>"
38,<a href='https://etherscan.io/address/0xb1fefbe5e30ec4e26c42d7137a0e40c38e76e241' target='_blank'>0xb1fef...6e241</a>,568,"<a href=""https://polygon.easscan.org/schema/view/0x24d14baa9f7534276c918888f28c875a97480be94ad2c6392c9d0a69f62d08ca"" target=""_blank"">ğŸ‘‰ 0x24d14baa...69f62d08ca ğŸ”—</a>",[polygon],"<a href=""https://polygon.easscan.org/attestation/view/0xeb3964699c5e3b2d64b570657fe07627061fa42a90ee762033417c51c0fbf354"" target=""_blank"">ğŸ‘‰ 0xeb396469...51c0fbf354 ğŸ”—</a>"
39,<a href='https://etherscan.io/address/0xd2ed366393fdfd243931fe48e9fb65a192b0018c' target='_blank'>0xd2ed3...0018c</a>,474,"<a href=""https://optimism.easscan.org/schema/view/0x70a3f615f738fc6a4f56100692ada93d947c028b840940d97af7e7d6f0fa0577"" target=""_blank"">ğŸ‘‰ 0x70a3f615...d6f0fa0577 ğŸ”—</a>",[optimism],"<a href=""https://optimism.easscan.org/attestation/view/0xf3f47df25338c356b040ea49a03b40d9f749d10b0fd3c3e291c9d692cbe3a6f2"" target=""_blank"">ğŸ‘‰ 0xf3f47df2...92cbe3a6f2 ğŸ”—</a>"
40,<a href='https://etherscan.io/address/0x10fd71c6a3ef8f75d65ab9f3d77c364c321faeb5' target='_blank'>0x10fd7...faeb5</a>,428,"<a href=""https://base.easscan.org/schema/view/0xbf041d4625c5c945ebd820e9da9a66228d0e808e8a272e489e59e64974f810a8"" target=""_blank"">ğŸ‘‰ 0xbf041d46...4974f810a8 ğŸ”—</a>",[base],"<a href=""https://base.easscan.org/attestation/view/0xb361dadcdf22a1afdd2de61d628be7b3bbeb4d17373af9a98b86f5cb1780d83b"" target=""_blank"">ğŸ‘‰ 0xb361dadc...cb1780d83b ğŸ”—</a>"
41,<a href='https://etherscan.io/address/0x6dc1d6b864e8bef815806f9e4677123496e12026' target='_blank'>0x6dc1d...12026</a>,362,"<a href=""https://arbitrum.easscan.org/schema/view/0x16bfe4783b7a9c743c401222c56a07ecb77ed42afc84b61ff1f62f5936c0b9d7"" target=""_blank"">ğŸ‘‰ 0x16bfe478...5936c0b9d7 ğŸ”—</a>",[arbitrum],"<a href=""https://arbitrum.easscan.org/attestation/view/0x30ff41e5bf388e132e7ebb9d4d216a69705f5c3dd6f42541ad700d260ca417b1"" target=""_blank"">ğŸ‘‰ 0x30ff41e5...260ca417b1 ğŸ”—</a>"
42,<a href='https://etherscan.io/address/0x6435dcabb62cb46c9fb94de763cd19a40ff6ce23' target='_blank'>0x6435d...6ce23</a>,347,"<a href=""https://optimism.easscan.org/schema/view/0x5f2b0ffc7e874c2624e38aea44a5e68bebe69dbd7e181cdbb8ab657d05b74301"" target=""_blank"">ğŸ‘‰ 0x5f2b0ffc...7d05b74301 ğŸ”—</a>",[optimism],"<a href=""https://optimism.easscan.org/attestation/view/0x35fac62236ab85f79435cc862bf50d291502bb33b21b0de665e188bc5e644213"" target=""_blank"">ğŸ‘‰ 0x35fac622...bc5e644213 ğŸ”—</a>"
43,<a href='https://etherscan.io/address/0x43f532d678b6a1587be989a50526f89428f68315' target='_blank'>0x43f53...68315</a>,336,"<a href=""https://optimism.easscan.org/schema/view/0x28b73429cc730191053ba7fe21e17253be25dbab480f0c3a369de5217657d925"" target=""_blank"">ğŸ‘‰ 0x28b73429...217657d925 ğŸ”—</a>",[optimism],"<a href=""https://optimism.easscan.org/attestation/view/0xbc2fcce216086d82c2e82506c187a0cca228e87a733cd1b66495d3bff44cd26f"" target=""_blank"">ğŸ‘‰ 0xbc2fcce2...bff44cd26f ğŸ”—</a>"
44,<a href='https://etherscan.io/address/0xd8da8766431366e9ad63ea6d16d9199cece2aa08' target='_blank'>0xd8da8...2aa08</a>,314,"<a href=""https://optimism.easscan.org/schema/view/0xa1285d8c9b3164eb94f22a4084d4d01fc7fb66d27c56ddba32033c63a5ed76cd"" target=""_blank"">ğŸ‘‰ 0xa1285d8c...63a5ed76cd ğŸ”—</a>",[optimism],"<a href=""https://optimism.easscan.org/attestation/view/0xe7249d507bffc813487c48667dc819c6d78ab12ce11008d740c83122ce42b2ad"" target=""_blank"">ğŸ‘‰ 0xe7249d50...22ce42b2ad ğŸ”—</a>"
45,<a href='https://etherscan.io/address/0xb605589815e8c9771e75bd35a629642f9ed102a1' target='_blank'>0xb6055...102a1</a>,291,"<a href=""https://arbitrum.easscan.org/schema/view/0x364a59df1d48d4b6c0f8f0c1176504b252bce5ce57e0d1ca75b1bf70c2f0ec14"" target=""_blank"">ğŸ‘‰ 0x364a59df...70c2f0ec14 ğŸ”—</a>",[arbitrum],"<a href=""https://arbitrum.easscan.org/attestation/view/0x6cc06e4549705418a88cb1894683123648008fdd4b59f8cea29086bb2040d204"" target=""_blank"">ğŸ‘‰ 0x6cc06e45...bb2040d204 ğŸ”—</a>"
46,<a href='https://etherscan.io/address/0x91b6f4e2fd72caff83bd89e503a89036f98d6af9' target='_blank'>0x91b6f...d6af9</a>,278,"<a href=""https://base.easscan.org/schema/view/0xb66c0d616201bfea0df81744674f1d9a88b9973f5c16cdf8f7f1f8f6e29fa14c"" target=""_blank"">ğŸ‘‰ 0xb66c0d61...f6e29fa14c ğŸ”—</a>",[base],"<a href=""https://base.easscan.org/attestation/view/0x52dcf7dd390ba9071e3a1571901e5a35fda8d9ea05e9204af2e2d8b66eec4f8b"" target=""_blank"">ğŸ‘‰ 0x52dcf7dd...b66eec4f8b ğŸ”—</a>"
47,<a href='https://etherscan.io/address/0xaa098e5c9b002f815d7c9756bcfce0fc18b3f362' target='_blank'>0xaa098...3f362</a>,234,"<a href=""https://arbitrum.easscan.org/schema/view/0x199429ee45da2c99fd2617ec4865749ca292009f44ee2a0a43721adef1c9c9df"" target=""_blank"">ğŸ‘‰ 0x199429ee...def1c9c9df ğŸ”—</a>",[arbitrum],"<a href=""https://arbitrum.easscan.org/attestation/view/0x262fc6aea668a747d0f0a17e6cff4e7eae3fc5e3e9f2f94cea29f5e71178c5f9"" target=""_blank"">ğŸ‘‰ 0x262fc6ae...e71178c5f9 ğŸ”—</a>"
48,<a href='https://etherscan.io/address/0xafba8c42b7101e44116660dadec1a1732e959599' target='_blank'>0xafba8...59599</a>,196,"<a href=""https://arbitrum.easscan.org/schema/view/0x5f868b117fd34565f3626396ba91ef0c9a607a0e406972655c5137c6d4291af9"" target=""_blank"">ğŸ‘‰ 0x5f868b11...c6d4291af9 ğŸ”—</a>",[arbitrum],"<a href=""https://arbitrum.easscan.org/attestation/view/0x8ad09f34da1477609746eebd1bff66c0733bc03544effa9e0acd1ff5c8d2163c"" target=""_blank"">ğŸ‘‰ 0x8ad09f34...f5c8d2163c ğŸ”—</a>"
49,<a href='https://etherscan.io/address/0x43691f6a2c0ef873955a350aef5812e4cd5a7519' target='_blank'>0x43691...a7519</a>,177,"<a href=""https://base.easscan.org/schema/view/0x3249fdd3b63464df6824a6ddb59d1eab95f5644677398752a68bb11e8e433373"" target=""_blank"">ğŸ‘‰ 0x3249fdd3...1e8e433373 ğŸ”—</a>",[base optimism],"<a href=""https://base.easscan.org/attestation/view/0xcf43d45560d32355facd58374369f1c9f468c6262f90244b721b9f568b4e82db"" target=""_blank"">ğŸ‘‰ 0xcf43d455...568b4e82db ğŸ”—</a>"
50,<a href='https://etherscan.io/address/0xf12789fdba35525474fc01bcdd94d03336b5c8ca' target='_blank'>0xf1278...5c8ca</a>,166,"<a href=""https://base.easscan.org/schema/view/0xbd56cbd0f795eead76add0130853d860974ef2a8e76231d51a63a5cea7eaca01"" target=""_blank"">ğŸ‘‰ 0xbd56cbd0...cea7eaca01 ğŸ”—</a>",[base],"<a href=""https://base.easscan.org/attestation/view/0x49dfdbf05e9b4996e10689b27541b6f94370be0d9b8ccfdefc80df46a844018e"" target=""_blank"">ğŸ‘‰ 0x49dfdbf0...46a844018e ğŸ”—</a>"
51,<a href='https://etherscan.io/address/0x3d0263e0101de2e9070737df30236867485a5208' target='_blank'>0x3d026...a5208</a>,152,"<a href=""https://base.easscan.org/schema/view/0xbf041d4625c5c945ebd820e9da9a66228d0e808e8a272e489e59e64974f810a8"" target=""_blank"">ğŸ‘‰ 0xbf041d46...4974f810a8 ğŸ”—</a>",[base],"<a href=""https://base.easscan.org/attestation/view/0x2e020354d2cac4e2f7a562843943fecf0589263a1e5fb2b4f451180aca556539"" target=""_blank"">ğŸ‘‰ 0x2e020354...0aca556539 ğŸ”—</a>"
52,<a href='https://etherscan.io/address/0x3636814ab8d82854949d5794c428b8329115755d' target='_blank'>0x36368...5755d</a>,152,"<a href=""https://arbitrum.easscan.org/schema/view/0x3969bb076acfb992af54d51274c5c868641ca5344e1aacd0b1f5e4f80ac0822f"" target=""_blank"">ğŸ‘‰ 0x3969bb07...f80ac0822f ğŸ”—</a>",[arbitrum],"<a href=""https://arbitrum.easscan.org/attestation/view/0x1c003309ccd12d4bce9305918aaf90046a872cd76220fca8adef9e6069375912"" target=""_blank"">ğŸ‘‰ 0x1c003309...6069375912 ğŸ”—</a>"
53,<a href='https://etherscan.io/address/0x07231e0fd9f668d4aafae7a5d5f432b8e6e4fe51' target='_blank'>0x07231...4fe51</a>,126,"<a href=""https://optimism.easscan.org/schema/view/0xdf29a0c50ec254fc9c269a2ef9a8fbfea29ee2c7ecb1134ff5c7ced646242ab8"" target=""_blank"">ğŸ‘‰ 0xdf29a0c5...d646242ab8 ğŸ”—</a>",[optimism],"<a href=""https://optimism.easscan.org/attestation/view/0x5df4a9cdede42ab3fa4970ddfd4f79073571e4ddafb5d142ecbeb77f6fb4e8d9"" target=""_blank"">ğŸ‘‰ 0x5df4a9cd...7f6fb4e8d9 ğŸ”—</a>"
54,<a href='https://etherscan.io/address/0x3e58c43bf12e8c0ad8f11493056c165e10308295' target='_blank'>0x3e58c...08295</a>,117,"<a href=""https://base.easscan.org/schema/view/0x1cb0dfd20ef5c0e6ad82ca9a5d8d6f63a6ead04c7c8ad0f43a39f951ab15cbd9"" target=""_blank"">ğŸ‘‰ 0x1cb0dfd2...51ab15cbd9 ğŸ”—</a>",[base],"<a href=""https://base.easscan.org/attestation/view/0x7f320140d2e3a7b15a5add9a2996202279b44fe55af9419d641411fc12c4d937"" target=""_blank"">ğŸ‘‰ 0x7f320140...fc12c4d937 ğŸ”—</a>"
55,<a href='https://etherscan.io/address/0xef576010b200069f4033f15771db63e7b7c81795' target='_blank'>0xef576...81795</a>,112,"<a href=""https://base.easscan.org/schema/view/0x97431f9b6fde65954b44b7e34ae220df9af55184ad69f7ffdee5afc213575690"" target=""_blank"">ğŸ‘‰ 0x97431f9b...c213575690 ğŸ”—</a>",[base],"<a href=""https://base.easscan.org/attestation/view/0x8e6f370cfcfd6b399686f4cf6b34d3fa32a1336fc43a25abc7cf2a33654d22af"" target=""_blank"">ğŸ‘‰ 0x8e6f370c...33654d22af ğŸ”—</a>"
56,<a href='https://etherscan.io/address/0x011e70d61c70f8bd30d4e5df49746ca445ec5ab1' target='_blank'>0x011e7...c5ab1</a>,107,"<a href=""https://optimism.easscan.org/schema/view/0x98ef220cd2f94de79fbc343ef982bfa8f5b315dec6a08f413680ecb7085624d7"" target=""_blank"">ğŸ‘‰ 0x98ef220c...b7085624d7 ğŸ”—</a>",[optimism],"<a href=""https://optimism.easscan.org/attestation/view/0xf991e1ad846ab2b076cd85525649cbb6259e08be014d615b7bae09d99697091f"" target=""_blank"">ğŸ‘‰ 0xf991e1ad...d99697091f ğŸ”—</a>"
57,<a href='https://etherscan.io/address/0x0fb166cddf1387c5b63ffa25721299fd7b068f3f' target='_blank'>dakh.eth</a>,101,"<a href=""https://arbitrum.easscan.org/schema/view/0x85500e806cf1e74844d51a20a6d893fe1ed6f6b0738b50e43d774827d08eca61"" target=""_blank"">ğŸ‘‰ 0x85500e80...27d08eca61 ğŸ”—</a>",[arbitrum optimism base ethereum polygon],"<a href=""https://arbitrum.easscan.org/attestation/view/0x3da2528894d9d517be8a8fc5be7042cb17a77a7c67f4f50afc7f452a17c856dd"" target=""_blank"">ğŸ‘‰ 0x3da25288...2a17c856dd ğŸ”—</a>"
58,<a href='https://etherscan.io/address/0x6457b4db9575dbc1bac391dae4b239722c4000d0' target='_blank'>0x6457b...000d0</a>,91,"<a href=""https://optimism.easscan.org/schema/view/0x44d562ac1d7cd77e232978687fea027ace48f719cf1d58c7888e509663bb87fc"" target=""_blank"">ğŸ‘‰ 0x44d562ac...9663bb87fc ğŸ”—</a>",[optimism base],"<a href=""https://optimism.easscan.org/attestation/view/0x1f699ea8913bea3a01d5e55909ee06b4d0de81a6c5a89cccdab38cd0e5c4d635"" target=""_blank"">ğŸ‘‰ 0x1f699ea8...d0e5c4d635 ğŸ”—</a>"
59,<a href='https://etherscan.io/address/0xea7aa61931cc1cd1707edd8656963a7a3b174057' target='_blank'>0xea7aa...74057</a>,78,"<a href=""https://base.easscan.org/schema/view/0xce4ebd2b682f9a2a55a61b9337099917cbda6e2235e09aaba7806b16fc283150"" target=""_blank"">ğŸ‘‰ 0xce4ebd2b...16fc283150 ğŸ”—</a>",[base],"<a href=""https://base.easscan.org/attestation/view/0x082c23e4f4c56296cdc7110449d1803d100b15e405c04cd396a2e7504d8ce70d"" target=""_blank"">ğŸ‘‰ 0x082c23e4...504d8ce70d ğŸ”—</a>"
60,<a href='https://etherscan.io/address/0x9581587991da459409b4e7e3b44daa1e65e589ec' target='_blank'>nounsamigos.eth</a>,64,"<a href=""https://base.easscan.org/schema/view/0x461bafda23334b0c11e27ce1d7186eaeb6ac54e0ddc0ca5e1b7c3586e6829e08"" target=""_blank"">ğŸ‘‰ 0x461bafda...86e6829e08 ğŸ”—</a>",[base optimism],"<a href=""https://base.easscan.org/attestation/view/0x4d196fb34bc8f3ab9a4afa04e62cbaa89528dbe10353236e861274a34324e71c"" target=""_blank"">ğŸ‘‰ 0x4d196fb3...a34324e71c ğŸ”—</a>"
61,<a href='https://etherscan.io/address/0xc70ded7f7c8b0622b65524820dc995e2e2c31fa4' target='_blank'>0xc70de...31fa4</a>,61,"<a href=""https://polygon.easscan.org/schema/view/0xa8b343a006d23cc0985b80645b1d839b3ae76197a819f609dd64704c4a2155a9"" target=""_blank"">ğŸ‘‰ 0xa8b343a0...4c4a2155a9 ğŸ”—</a>",[polygon optimism],"<a href=""https://polygon.easscan.org/attestation/view/0xb50749a2c54a20ee21401cb32241deddf3937b90398e95b202a2d76128e52a65"" target=""_blank"">ğŸ‘‰ 0xb50749a2...6128e52a65 ğŸ”—</a>"
62,<a href='https://etherscan.io/address/0x23b7a53ecfd93803c63b97316d7362eae59c55b6' target='_blank'>0x23b7a...c55b6</a>,61,"<a href=""https://optimism.easscan.org/schema/view/0x721c17b065dccc5c916e0c2708d0ef50f1810591b76d0402ff6fe5accbd8488f"" target=""_blank"">ğŸ‘‰ 0x721c17b0...accbd8488f ğŸ”—</a>",[optimism arbitrum celo],"<a href=""https://optimism.easscan.org/attestation/view/0x838fa5fcdf99f4e6e28aef702d1780b155015602413c15e7242819e2e5dd0113"" target=""_blank"">ğŸ‘‰ 0x838fa5fc...e2e5dd0113 ğŸ”—</a>"
63,<a href='https://etherscan.io/address/0x01a93612f26100b6e18a2e3dd57df5c3ccafeca1' target='_blank'>0x01a93...feca1</a>,59,"<a href=""https://arbitrum.easscan.org/schema/view/0x44d562ac1d7cd77e232978687fea027ace48f719cf1d58c7888e509663bb87fc"" target=""_blank"">ğŸ‘‰ 0x44d562ac...9663bb87fc ğŸ”—</a>",[arbitrum],"<a href=""https://arbitrum.easscan.org/attestation/view/0x3d392039380790a151e2a8d06fe992996cce88150220e8dd56f91bd974f353bb"" target=""_blank"">ğŸ‘‰ 0x3d392039...d974f353bb ğŸ”—</a>"
64,<a href='https://etherscan.io/address/0xe26067c76fdbe877f48b0a8400cf5db8b47af0fe' target='_blank'>0xkek.eth</a>,56,"<a href=""https://base.easscan.org/schema/view/0x8c138d949f94e74f6503a8633bb25982946709fddc196764e26c9325b8c04f73"" target=""_blank"">ğŸ‘‰ 0x8c138d94...25b8c04f73 ğŸ”—</a>",[base optimism],"<a href=""https://base.easscan.org/attestation/view/0xbd707395ab1a3fb3a2af133cd324a2f4dea26683fc3891deddd361088615d8a3"" target=""_blank"">ğŸ‘‰ 0xbd707395...088615d8a3 ğŸ”—</a>"
65,<a href='https://etherscan.io/address/0x826976d7c600d45fb8287ca1d7c76fc8eb732030' target='_blank'>divinecomedian.eth</a>,52,"<a href=""https://optimism.easscan.org/schema/view/0x97b0c9911936fad57e77857fac6eef6771f8d0bf025be9549214e32bf9e2415a"" target=""_blank"">ğŸ‘‰ 0x97b0c991...2bf9e2415a ğŸ”—</a>",[optimism],"<a href=""https://optimism.easscan.org/attestation/view/0x9b7fc60a0adfc258d9748c6047480ffe5fe5f8238c768071ab53b843ad02c0e6"" target=""_blank"">ğŸ‘‰ 0x9b7fc60a...43ad02c0e6 ğŸ”—</a>"
66,<a href='https://etherscan.io/address/0x5a5d9ab7b1bd978f80909503ebb828879daca9c3' target='_blank'>cerv1.eth</a>,51,"<a href=""https://optimism.easscan.org/schema/view/0x3e3e2172aebb902cf7aa6e1820809c5b469af139e7a4265442b1c22b97c6b2a5"" target=""_blank"">ğŸ‘‰ 0x3e3e2172...2b97c6b2a5 ğŸ”—</a>",[optimism arbitrum],"<a href=""https://optimism.easscan.org/attestation/view/0xf8336782161812639b2017257dbd4cd15fd9b27d33857d7c9d7403241efa41c2"" target=""_blank"">ğŸ‘‰ 0xf8336782...241efa41c2 ğŸ”—</a>"
67,<a href='https://etherscan.io/address/0xc6888c031d2d25c956c02b0df518d3498e8ced73' target='_blank'>0xc6888...ced73</a>,50,"<a href=""https://arbitrum.easscan.org/schema/view/0x8c9869749033d77b67d16dc5b6fe9b7a701a2794cdf597bc3f1c079af69a1eef"" target=""_blank"">ğŸ‘‰ 0x8c986974...9af69a1eef ğŸ”—</a>",[arbitrum],"<a href=""https://arbitrum.easscan.org/attestation/view/0x92961099c4df88f91e3b392710facb95f88257f7a9fe1f9b88cb5adb791645ca"" target=""_blank"">ğŸ‘‰ 0x92961099...db791645ca ğŸ”—</a>"
68,<a href='https://etherscan.io/address/0xd893d5fbfb01bfe093534fed53112b4635ec83dd' target='_blank'>bdalawyer.eth</a>,50,"<a href=""https://.easscan.org/schema/view/0xcc694a2d3ed628813097db0c60fb6a943e14d3bb1be2fe1ab1313e1ff19479cd"" target=""_blank"">ğŸ‘‰ 0xcc694a2d...1ff19479cd ğŸ”—</a>",[ethereum],"<a href=""https://.easscan.org/attestation/view/0x45b375b51febe963a2270a0c77f4c29b225d0f82103a752808493df062e71fae"" target=""_blank"">ğŸ‘‰ 0x45b375b5...f062e71fae ğŸ”—</a>"
69,<a href='https://etherscan.io/address/0x87feed6162cb7dfe6b62f64366742349bf4d1b05' target='_blank'>impactevaluator.eth</a>,50,"<a href=""https://optimism.easscan.org/schema/view/0x739257b1bf8533a29a5c59a6dda5905c50f7c2bf436d709cd9ea7bfabbe5172b"" target=""_blank"">ğŸ‘‰ 0x739257b1...fabbe5172b ğŸ”—</a>",[optimism],"<a href=""https://optimism.easscan.org/attestation/view/0xaa1ea69d88e6e49497968931d3dc283232e501ca53bbc5b5f6f0f37fe87e0835"" target=""_blank"">ğŸ‘‰ 0xaa1ea69d...7fe87e0835 ğŸ”—</a>"
70,<a href='https://etherscan.io/address/0x9bb69c7ca342b803dd3c8a1f5ccd042222b8cb31' target='_blank'>0x9bb69...8cb31</a>,50,"<a href=""https://base.easscan.org/schema/view/0xed7706fecfa661e98b5c8bd39672fa4e12ad2013bef191f65bab88ad7929a5ea"" target=""_blank"">ğŸ‘‰ 0xed7706fe...ad7929a5ea ğŸ”—</a>",[base],"<a href=""https://base.easscan.org/attestation/view/0xf7e23468a32d2bf5a09f808fd796db67f9cff67a7e05927769d4edafea54b96e"" target=""_blank"">ğŸ‘‰ 0xf7e23468...afea54b96e ğŸ”—</a>"
71,<a href='https://etherscan.io/address/0xa074b0dc54ad2a2bf2ad792c0d41c2b3b80a01e5' target='_blank'>0xa074b...a01e5</a>,46,"<a href=""https://polygon.easscan.org/schema/view/0x44d562ac1d7cd77e232978687fea027ace48f719cf1d58c7888e509663bb87fc"" target=""_blank"">ğŸ‘‰ 0x44d562ac...9663bb87fc ğŸ”—</a>",[polygon],"<a href=""https://polygon.easscan.org/attestation/view/0x19982f182582f0953670c8f23f6c14ebc4cde46748a1ac2482411a306e71c2a1"" target=""_blank"">ğŸ‘‰ 0x19982f18...306e71c2a1 ğŸ”—</a>"
72,<a href='https://etherscan.io/address/0xef87786b3e80191526838bc09ea423def5bf1f3f' target='_blank'>0xef877...f1f3f</a>,46,"<a href=""https://celo.easscan.org/schema/view/0x44d562ac1d7cd77e232978687fea027ace48f719cf1d58c7888e509663bb87fc"" target=""_blank"">ğŸ‘‰ 0x44d562ac...9663bb87fc ğŸ”—</a>",[celo],"<a href=""https://celo.easscan.org/attestation/view/0xceff08d2a7b016225f6951e97682f4a26194c8da2ce74eed9a162a780eb0cc62"" target=""_blank"">ğŸ‘‰ 0xceff08d2...780eb0cc62 ğŸ”—</a>"
73,<a href='https://etherscan.io/address/0x59ed9db97d36db03ccf1602bbaf242f8529e39af' target='_blank'>0x59ed9...e39af</a>,46,"<a href=""https://scroll.easscan.org/schema/view/0x44d562ac1d7cd77e232978687fea027ace48f719cf1d58c7888e509663bb87fc"" target=""_blank"">ğŸ‘‰ 0x44d562ac...9663bb87fc ğŸ”—</a>",[scroll],"<a href=""https://scroll.easscan.org/attestation/view/0xf285e450a66e8fb14c77cbd428c93c25acc2352e9e7d6f895839c645ac3bd8a7"" target=""_blank"">ğŸ‘‰ 0xf285e450...45ac3bd8a7 ğŸ”—</a>"
74,<a href='https://etherscan.io/address/0x89e3c0f968766c431525ac2f176ff1f27f480d03' target='_blank'>0x89e3c...80d03</a>,43,"<a href=""https://base.easscan.org/schema/view/0xce4ebd2b682f9a2a55a61b9337099917cbda6e2235e09aaba7806b16fc283150"" target=""_blank"">ğŸ‘‰ 0xce4ebd2b...16fc283150 ğŸ”—</a>",[base],"<a href=""https://base.easscan.org/attestation/view/0xf6b6822f25dfab19d59f3fa3794b3b8aac46d361477a1cd5f52ada44ab405cf3"" target=""_blank"">ğŸ‘‰ 0xf6b6822f...44ab405cf3 ğŸ”—</a>"
75,<a href='https://etherscan.io/address/0x6bbcc7d0e661a4f5441f74dc0ab324ac4327d940' target='_blank'>0x6bbcc...7d940</a>,43,"<a href=""https://base.easscan.org/schema/view/0xc15bb007fcd98a5a99c0fd98286fba2f62f997de62c11ea24dfd30d274eef99f"" target=""_blank"">ğŸ‘‰ 0xc15bb007...d274eef99f ğŸ”—</a>",[base],"<a href=""https://base.easscan.org/attestation/view/0xc480e8862c894283d4158698d2ef887905446ed4bebbb8dd216eb7844ea842a7"" target=""_blank"">ğŸ‘‰ 0xc480e886...844ea842a7 ğŸ”—</a>"
76,<a href='https://etherscan.io/address/0x616bdf7e9041c6f76b0ff6de9af5da2c88a9ac98' target='_blank'>0x616bd...9ac98</a>,42,"<a href=""https://arbitrum.easscan.org/schema/view/0xcc1f2c6308ffbb7ac5b915641cbc74b6d6404bcdedaf304f9637e5ef7ecc593d"" target=""_blank"">ğŸ‘‰ 0xcc1f2c63...ef7ecc593d ğŸ”—</a>",[arbitrum],"<a href=""https://arbitrum.easscan.org/attestation/view/0xad8310edc3ee7c563c437c868a850b86249659c0da3eaff7b49e0f8fe9c62886"" target=""_blank"">ğŸ‘‰ 0xad8310ed...8fe9c62886 ğŸ”—</a>"
77,<a href='https://etherscan.io/address/0x2bf22cae1dc34f265cae03f6ff419177b4f4fbb3' target='_blank'>0x2bf22...4fbb3</a>,42,"<a href=""https://.easscan.org/schema/view/0x44d562ac1d7cd77e232978687fea027ace48f719cf1d58c7888e509663bb87fc"" target=""_blank"">ğŸ‘‰ 0x44d562ac...9663bb87fc ğŸ”—</a>",[ethereum],"<a href=""https://.easscan.org/attestation/view/0x3dcccc67c4a4dbfc04e6764813d6c126377253b9ee4fba5f6d7c378edfb06c84"" target=""_blank"">ğŸ‘‰ 0x3dcccc67...8edfb06c84 ğŸ”—</a>"
78,<a href='https://etherscan.io/address/0xda70e193b00ca3a5fb455c28d63fe862382b4088' target='_blank'>0xda70e...b4088</a>,41,"<a href=""https://optimism.easscan.org/schema/view/0x77a37bb52f592a325728585536c98ed25f5e290a316b1bb76e9f639f7011afc2"" target=""_blank"">ğŸ‘‰ 0x77a37bb5...9f7011afc2 ğŸ”—</a>",[optimism],"<a href=""https://optimism.easscan.org/attestation/view/0x5886fb0c92e196014e9332cfd8cf1dd1f71598cfc9cc036858cea5a34f7bda9e"" target=""_blank"">ğŸ‘‰ 0x5886fb0c...a34f7bda9e ğŸ”—</a>"
79,<a href='https://etherscan.io/address/0x621477dba416e12df7ff0d48e14c4d20dc85d7d9' target='_blank'>0x62147...5d7d9</a>,41,"<a href=""https://optimism.easscan.org/schema/view/0xfdcfdad2dbe7489e0ce56b260348b7f14e8365a8a325aef9834818c00d46b31b"" target=""_blank"">ğŸ‘‰ 0xfdcfdad2...c00d46b31b ğŸ”—</a>",[optimism],"<a href=""https://optimism.easscan.org/attestation/view/0xad5af856cdbdc14f252adade03f46599d249826f8de29ed0756130a2ecf0e551"" target=""_blank"">ğŸ‘‰ 0xad5af856...a2ecf0e551 ğŸ”—</a>"
80,<a href='https://etherscan.io/address/0x1cfe6b67a32b37ae0611142f10498c11eec7179e' target='_blank'>0x1cfe6...7179e</a>,40,"<a href=""https://optimism.easscan.org/schema/view/0xfc9676b6713fe48aae6a614b4fcc84e54a2047550f85d4df68706ba264086c64"" target=""_blank"">ğŸ‘‰ 0xfc9676b6...a264086c64 ğŸ”—</a>",[optimism],"<a href=""https://optimism.easscan.org/attestation/view/0x4f8fa1c2b8a1b7ba0a970a040dd3c88d1d3cc8aa2962640fa0b62af6ea09d183"" target=""_blank"">ğŸ‘‰ 0x4f8fa1c2...f6ea09d183 ğŸ”—</a>"
81,<a href='https://etherscan.io/address/0x8d22337d9db8c88394790f9e8786358bde264ecb' target='_blank'>0x8d223...64ecb</a>,40,"<a href=""https://base.easscan.org/schema/view/0xdaef21c0f7e40e6f1fd4afe8fd0a2a438176bf2a333e47f93515feac14a1cb1a"" target=""_blank"">ğŸ‘‰ 0xdaef21c0...ac14a1cb1a ğŸ”—</a>",[base optimism],"<a href=""https://base.easscan.org/attestation/view/0x679afdcfd7be46c146d6273fd6662ab04af45470d4a36a29bbbea2a43d2a47b6"" target=""_blank"">ğŸ‘‰ 0x679afdcf...a43d2a47b6 ğŸ”—</a>"
82,<a href='https://etherscan.io/address/0x62ba98a99d5de850a8ab6e2450a8808355f46c03' target='_blank'>easfellowship.eth</a>,39,"<a href=""https://base.easscan.org/schema/view/0x686175e3c180cda35478470612a3718f610a238d9b7c7d2fd9beb946ef0dd99d"" target=""_blank"">ğŸ‘‰ 0x686175e3...46ef0dd99d ğŸ”—</a>",[base],"<a href=""https://base.easscan.org/attestation/view/0xe99ae9b8f8c2946db688d26a654c96c04da1cb400e7b38ba5f0ec1949f268988"" target=""_blank"">ğŸ‘‰ 0xe99ae9b8...949f268988 ğŸ”—</a>"
83,<a href='https://etherscan.io/address/0x8ed91f4e13ad1d74205a05e2efeb1db5175845a3' target='_blank'>0x8ed91...845a3</a>,39,"<a href=""https://optimism.easscan.org/schema/view/0x3e3e2172aebb902cf7aa6e1820809c5b469af139e7a4265442b1c22b97c6b2a5"" target=""_blank"">ğŸ‘‰ 0x3e3e2172...2b97c6b2a5 ğŸ”—</a>",[optimism],"<a href=""https://optimism.easscan.org/attestation/view/0x2d5c10f5bf9e70aa1ebefd5094b3f5d9d494768e0d6f03cdb749c0470b613280"" target=""_blank"">ğŸ‘‰ 0x2d5c10f5...470b613280 ğŸ”—</a>"
84,<a href='https://etherscan.io/address/0xf6937e015d5337f648fe01a03a74c9faa4f90d54' target='_blank'>0xf6937...90d54</a>,38,"<a href=""https://optimism.easscan.org/schema/view/0x569cab01c87d76b5e85706a4eca2a10a7499758a3e7aa0e81feeb3aaf95255be"" target=""_blank"">ğŸ‘‰ 0x569cab01...aaf95255be ğŸ”—</a>",[optimism],"<a href=""https://optimism.easscan.org/attestation/view/0xa786066650a07dd8007e3a37fa08d7818ebff3b1a8d85e96b1f29be0c868067e"" target=""_blank"">ğŸ‘‰ 0xa7860666...e0c868067e ğŸ”—</a>"
85,<a href='https://etherscan.io/address/0x420a02a64ee3583577bce55a2f9b85f883022995' target='_blank'>vrn.eth</a>,38,"<a href=""https://optimism.easscan.org/schema/view/0x7e7356f449e9238c4b2d2b4ba18a00c7cc1604e5828a8442cf781bd9d625ae32"" target=""_blank"">ğŸ‘‰ 0x7e7356f4...d9d625ae32 ğŸ”—</a>",[optimism],"<a href=""https://optimism.easscan.org/attestation/view/0xa59e43a18ad4c67f674ef6d99e4750a345c87a567e3aa64f715525c72a8e7569"" target=""_blank"">ğŸ‘‰ 0xa59e43a1...c72a8e7569 ğŸ”—</a>"
86,<a href='https://etherscan.io/address/0xf3ad97364bccc3ea0582ede58c363888f8c4ec85' target='_blank'>diogoj.eth</a>,35,"<a href=""https://arbitrum.easscan.org/schema/view/0xd25ccdfbf87659a9081681eb90598d8b944ed28544da7d57c3ccbe6e6422cc15"" target=""_blank"">ğŸ‘‰ 0xd25ccdfb...6e6422cc15 ğŸ”—</a>",[arbitrum celo],"<a href=""https://arbitrum.easscan.org/attestation/view/0x0fbebd8752dba20c86298f3062e5241edd476b9b383fc9ec073fd1e38ddec1a3"" target=""_blank"">ğŸ‘‰ 0x0fbebd87...e38ddec1a3 ğŸ”—</a>"
87,<a href='https://etherscan.io/address/0x2a3ce312571612d2ca3a05f4ab5f6abede266271' target='_blank'>0x2a3ce...66271</a>,33,"<a href=""https://optimism.easscan.org/schema/view/0x5f5afd9626d9d0cd46c7de120032c2470da00c4be9bcef1dd75fa8c074f17e70"" target=""_blank"">ğŸ‘‰ 0x5f5afd96...c074f17e70 ğŸ”—</a>",[optimism base],"<a href=""https://optimism.easscan.org/attestation/view/0x9213170dcd8da4bda48614e50793890af7dfe0d776a88c64686ef8fa46574906"" target=""_blank"">ğŸ‘‰ 0x9213170d...fa46574906 ğŸ”—</a>"
88,<a href='https://etherscan.io/address/0xf43a72c1a41b7361728c83699f69b5280161f0a5' target='_blank'>0xf43a7...1f0a5</a>,33,"<a href=""https://base.easscan.org/schema/view/0x6e333418327e1082bc2c5366560c703b447901a4b8d4ca9c754e9a8460eedbde"" target=""_blank"">ğŸ‘‰ 0x6e333418...8460eedbde ğŸ”—</a>",[base],"<a href=""https://base.easscan.org/attestation/view/0xcb1bc088aca28950e1eb0ec9675cee2ac2547fe71262da56e3dab9d9e972d72b"" target=""_blank"">ğŸ‘‰ 0xcb1bc088...d9e972d72b ğŸ”—</a>"
89,<a href='https://etherscan.io/address/0xc00e324d2c4f77835075fc63c27e329694a66a3d' target='_blank'>0xc00e3...66a3d</a>,33,"<a href=""https://base.easscan.org/schema/view/0x0c85fd0843cfa881aaf811d0451b0ea54fa76e3e41f82f2edbf510ef0b82d918"" target=""_blank"">ğŸ‘‰ 0x0c85fd08...ef0b82d918 ğŸ”—</a>",[base],"<a href=""https://base.easscan.org/attestation/view/0xb6258f92757342906f63c714b45812c70650244f808e9cde67a562702f32fb3b"" target=""_blank"">ğŸ‘‰ 0xb6258f92...702f32fb3b ğŸ”—</a>"
90,<a href='https://etherscan.io/address/0xb03e094e643a50e145e804b35787c28292e6afe4' target='_blank'>servais.eth</a>,33,"<a href=""https://optimism.easscan.org/schema/view/0xdaef21c0f7e40e6f1fd4afe8fd0a2a438176bf2a333e47f93515feac14a1cb1a"" target=""_blank"">ğŸ‘‰ 0xdaef21c0...ac14a1cb1a ğŸ”—</a>",[optimism base],"<a href=""https://optimism.easscan.org/attestation/view/0x620bc879813d2a42fa71c553f5f953ffc1e692d6b845a8c7d72f0fdd6795008c"" target=""_blank"">ğŸ‘‰ 0x620bc879...dd6795008c ğŸ”—</a>"
91,<a href='https://etherscan.io/address/0x365be3e45b591423e5b867a7de04ccea67ca67e7' target='_blank'>0x365be...a67e7</a>,32,"<a href=""https://base.easscan.org/schema/view/0x4e03dab8e71ee15fa8f04fa6eacd05f4e237b4ee38f6bee4e9938a6a7cd981cf"" target=""_blank"">ğŸ‘‰ 0x4e03dab8...6a7cd981cf ğŸ”—</a>",[base],"<a href=""https://base.easscan.org/attestation/view/0x9a8124160b7e943e40ef3da03cafe2d57e8524a3c78fd1ff648118161b4e5f93"" target=""_blank"">ğŸ‘‰ 0x9a812416...161b4e5f93 ğŸ”—</a>"
92,<a href='https://etherscan.io/address/0x68929f67662a19bcc759b9bc9b9f1dba779ad3ba' target='_blank'>0x68929...ad3ba</a>,32,"<a href=""https://celo.easscan.org/schema/view/0x1636b2944b2b3a8d9553323543b8b0d4653915ffa4038c5bd18400fbffc368ad"" target=""_blank"">ğŸ‘‰ 0x1636b294...fbffc368ad ğŸ”—</a>",[celo],"<a href=""https://celo.easscan.org/attestation/view/0xb447d540f66013686376965fc619949e2e34e867e89b97c31f6bc45eab86259a"" target=""_blank"">ğŸ‘‰ 0xb447d540...5eab86259a ğŸ”—</a>"
93,<a href='https://etherscan.io/address/0x8791ac8c099314bb1d1514d76de13a1e80275950' target='_blank'>0x8791a...75950</a>,31,"<a href=""https://celo.easscan.org/schema/view/0x9895e82115987d8e3e02b35ced92e6a0509293890333f58f50ec291b34853dac"" target=""_blank"">ğŸ‘‰ 0x9895e821...1b34853dac ğŸ”—</a>",[celo],"<a href=""https://celo.easscan.org/attestation/view/0x89918813ed6b664888d52aed0da6377ce75bd6ec703e0f4e63b777aca5c016b8"" target=""_blank"">ğŸ‘‰ 0x89918813...aca5c016b8 ğŸ”—</a>"
94,<a href='https://etherscan.io/address/0x0c558b655d388f7041bc4fbfbdf02ae1a605f19b' target='_blank'>0x0c558...5f19b</a>,30,"<a href=""https://base.easscan.org/schema/view/0x4e36b4880c16106a434c64c4217d519f98711ec82b44c09b0d3e10971bbb11e8"" target=""_blank"">ğŸ‘‰ 0x4e36b488...971bbb11e8 ğŸ”—</a>",[base],"<a href=""https://base.easscan.org/attestation/view/0x5e31a2c79dd84e6ebff0226203a03cba23bca9dbda4ac96bb3d6d6211b4d7efd"" target=""_blank"">ğŸ‘‰ 0x5e31a2c7...211b4d7efd ğŸ”—</a>"
95,<a href='https://etherscan.io/address/0xd9f2d8da9c8ff285080fe0df6285f3551bf1397b' target='_blank'>osuji.eth</a>,30,"<a href=""https://base.easscan.org/schema/view/0x34f3ef134435e22a6f4f0caf150f5a1ab6cb7b50f4416b327419efb96297dd54"" target=""_blank"">ğŸ‘‰ 0x34f3ef13...b96297dd54 ğŸ”—</a>",[base],"<a href=""https://base.easscan.org/attestation/view/0x8f18e10aaa02311c131049ae7a41c44c12dea559d85c3b69027b865c25b2d5b1"" target=""_blank"">ğŸ‘‰ 0x8f18e10a...5c25b2d5b1 ğŸ”—</a>"
96,<a href='https://etherscan.io/address/0xc1d9c7cdb33107f1fea871f2e874b9a95ee3f260' target='_blank'>0xc1d9c...3f260</a>,28,"<a href=""https://scroll.easscan.org/schema/view/0xba4934720e4c7fc2978acd7c8b4e9cb72288e72f835bd19b2eb4cac99d79d220"" target=""_blank"">ğŸ‘‰ 0xba493472...c99d79d220 ğŸ”—</a>",[scroll],"<a href=""https://scroll.easscan.org/attestation/view/0xffb9de7d760141b4b0154ce0d9ab42eca6068e954750674e34ab1fed703f2771"" target=""_blank"">ğŸ‘‰ 0xffb9de7d...ed703f2771 ğŸ”—</a>"
97,<a href='https://etherscan.io/address/0x2ac475444b4e45cea04fa41c7cb608e9e1f27d6d' target='_blank'>0x2ac47...27d6d</a>,27,"<a href=""https://scroll.easscan.org/schema/view/0x3f60dfeb9434008892fd3bf2470126cc44930a688ec7231168948efb2b1aa6f9"" target=""_blank"">ğŸ‘‰ 0x3f60dfeb...fb2b1aa6f9 ğŸ”—</a>",[scroll],"<a href=""https://scroll.easscan.org/attestation/view/0x90c315e971b1e0f7ba6b8d0926fa3b1b168cbc1a6024bb6c80db48710e553436"" target=""_blank"">ğŸ‘‰ 0x90c315e9...710e553436 ğŸ”—</a>"
98,<a href='https://etherscan.io/address/0x0ea26051f7657d59418da186137141cea90d0652' target='_blank'>wasabinetwork.eth</a>,27,"<a href=""https://optimism.easscan.org/schema/view/0x13adc8df8a7324b1651e8bcec948b3e2d4fcfa2a88a52136206cb9ea44836e93"" target=""_blank"">ğŸ‘‰ 0x13adc8df...ea44836e93 ğŸ”—</a>",[optimism arbitrum],"<a href=""https://optimism.easscan.org/attestation/view/0x7f6526a1236f5c34876f1c95d632a81c18ade39cc6ec67678295128967c079b0"" target=""_blank"">ğŸ‘‰ 0x7f6526a1...8967c079b0 ğŸ”—</a>"
99,<a href='https://etherscan.io/address/0x11919eee995df03df7b0cf919d7832562624ac62' target='_blank'>0x11919...4ac62</a>,27,"<a href=""https://optimism.easscan.org/schema/view/0xf58b8b212ef75ee8cd7e8d803c37c03e0519890502d5e99ee2412aae1456cafe"" target=""_blank"">ğŸ‘‰ 0xf58b8b21...ae1456cafe ğŸ”—</a>",[optimism],"<a href=""https://optimism.easscan.org/attestation/view/0x982733d44bf71c54b993da13be1744bac35a6c9fe260d4a4277071667d5be7d5"" target=""_blank"">ğŸ‘‰ 0x982733d4...667d5be7d5 ğŸ”—</a>"
100,<a href='https://etherscan.io/address/0x302e2a0d4291ac14aa1160504ca45a0a1f2e7a5c' target='_blank'>refimedellin.eth</a>,26,"<a href=""https://celo.easscan.org/schema/view/0x6045917787ba08a0c5fb2184bce0097316171c2b34db2d142a1971f7d4b1f117"" target=""_blank"">ğŸ‘‰ 0x60459177...f7d4b1f117 ğŸ”—</a>",[celo optimism arbitrum polygon],"<a href=""https://celo.easscan.org/attestation/view/0x06b5b64bc0deb85ba54f8120a0838d3aedbe9db3cd67db8032af004d0c15ac65"" target=""_blank"">ğŸ‘‰ 0x06b5b64b...4d0c15ac65 ğŸ”—</a>"
